{
  "timestamp": "2026-07-04T16:23:44.282534",
  "kivi": {
    "ppl_896": 3.659475772015864,
    "kv_mb_2048": 327.5,
    "decode_tps": 9.465995840860744
  },
  "b2_packed_int2": {
    "ppl_896": 3.654849581625404,
    "kv_mb_2048": 263.5625,
    "decode_tps": 8.41759469440815
  }
}